<?xml version="1.0" encoding="UTF-8"?>
<project-private xmlns="http://www.netbeans.org/ns/project-private/1">
    <editor-bookmarks xmlns="http://www.netbeans.org/ns/editor-bookmarks/2" lastBookmarkId="0"/>
    <open-files xmlns="http://www.netbeans.org/ns/projectui-open-files/2">
        <group>
            <file>file:/home/hamzah/Downloads/Tutor%20Marked%20Assignemt/src/sports/packageview.java</file>
            <file>file:/home/hamzah/Downloads/Tutor%20Marked%20Assignemt/src/demo/court.java</file>
            <file>file:/home/hamzah/Downloads/Tutor%20Marked%20Assignemt/src/sports/batchview.java</file>
            <file>file:/home/hamzah/Downloads/Tutor%20Marked%20Assignemt/src/demo/appprop.java</file>
            <file>file:/home/hamzah/Downloads/Tutor%20Marked%20Assignemt/src/sports/welcome.java</file>
            <file>file:/home/hamzah/Downloads/Tutor%20Marked%20Assignemt/src/demo/courtprop.java</file>
            <file>file:/home/hamzah/Downloads/Tutor%20Marked%20Assignemt/src/sports/Applicationform.java</file>
            <file>file:/home/hamzah/Downloads/Tutor%20Marked%20Assignemt/src/sports/listofmembers.java</file>
            <file>file:/home/hamzah/Downloads/Tutor%20Marked%20Assignemt/src/demo/outdoor.java</file>
            <file>file:/home/hamzah/Downloads/Tutor%20Marked%20Assignemt/src/demo/prop.java</file>
            <file>file:/home/hamzah/Downloads/Tutor%20Marked%20Assignemt/src/demo/pack.java</file>
            <file>file:/home/hamzah/Downloads/Tutor%20Marked%20Assignemt/src/demo/connectionprovider.java</file>
            <file>file:/home/hamzah/Downloads/Tutor%20Marked%20Assignemt/src/sports/adminlogin.java</file>
            <file>file:/home/hamzah/Downloads/Tutor%20Marked%20Assignemt/src/sports/tournament.java</file>
            <file>file:/home/hamzah/Downloads/Tutor%20Marked%20Assignemt/src/demo/Indoor.java</file>
            <file>file:/home/hamzah/Downloads/Tutor%20Marked%20Assignemt/src/demo/outprop.java</file>
            <file>file:/home/hamzah/Downloads/Tutor%20Marked%20Assignemt/src/demo/coach.java</file>
            <file>file:/home/hamzah/Downloads/Tutor%20Marked%20Assignemt/src/demo/user.java</file>
            <file>file:/home/hamzah/Downloads/Tutor%20Marked%20Assignemt/src/demo/tourprop.java</file>
            <file>file:/home/hamzah/Downloads/Tutor%20Marked%20Assignemt/src/sports/add.java</file>
            <file>file:/home/hamzah/Downloads/Tutor%20Marked%20Assignemt/src/demo/provider.java</file>
            <file>file:/home/hamzah/Downloads/Tutor%20Marked%20Assignemt/src/sports/userlogin.java</file>
            <file>file:/home/hamzah/Downloads/Tutor%20Marked%20Assignemt/src/demo/batch.java</file>
            <file>file:/home/hamzah/Downloads/Tutor%20Marked%20Assignemt/src/demo/batchprop.java</file>
            <file>file:/home/hamzah/Downloads/Tutor%20Marked%20Assignemt/src/demo/tour.java</file>
            <file>file:/home/hamzah/Downloads/Tutor%20Marked%20Assignemt/src/demo/application.java</file>
            <file>file:/home/hamzah/Downloads/Tutor%20Marked%20Assignemt/src/demo/coachprop.java</file>
            <file>file:/home/hamzah/Downloads/Tutor%20Marked%20Assignemt/src/demo/packprop.java</file>
            <file>file:/home/hamzah/Downloads/Tutor%20Marked%20Assignemt/src/sports/NewUser.java</file>
            <file>file:/home/hamzah/Downloads/Tutor%20Marked%20Assignemt/src/sports/tournamentview.java</file>
            <file>file:/home/hamzah/Downloads/Tutor%20Marked%20Assignemt/src/sports/coachview.java</file>
            <file>file:/home/hamzah/Downloads/Tutor%20Marked%20Assignemt/src/sports/Sports.java</file>
            <file>file:/home/hamzah/Downloads/Tutor%20Marked%20Assignemt/src/sports/gym.java</file>
        </group>
    </open-files>
</project-private>
