<?xml version="1.0" encoding="UTF-8"?>
<project-private xmlns="http://www.netbeans.org/ns/project-private/1">
    <editor-bookmarks xmlns="http://www.netbeans.org/ns/editor-bookmarks/2" lastBookmarkId="0"/>
    <open-files xmlns="http://www.netbeans.org/ns/projectui-open-files/2">
        <group>
            <file>file:/home/hamzah/NetBeansProjects/MainWindow/src/mainwindow/loginPanel.java</file>
            <file>file:/home/hamzah/NetBeansProjects/MainWindow/src/mainwindow/DevicePanel.java</file>
            <file>file:/home/hamzah/NetBeansProjects/MainWindow/src/mainwindow/NewJPanel.java</file>
            <file>file:/home/hamzah/NetBeansProjects/MainWindow/src/mainwindow/MainWindow.java</file>
            <file>file:/home/hamzah/NetBeansProjects/MainWindow/src/mainwindow/PortView.java</file>
        </group>
    </open-files>
</project-private>
